"","Lifespan_Years","Bodymass_g","LowerCI_Lifespan_Years","LowerCI_Bodymass_g","UpperCI_Lifespan_Years","UpperCI_Bodymass_g","LifespanStatus","BodymassStatus","Species","Family"
"1",1.77815125038364,3.41912930774198,1.77815125038364,3.41912930774198,1.77815125038364,3.41912930774198,"Log10(Years)","Log10(g)","Strigops_habroptila","Psittacidae"
"2",1.67209785793572,2.95170170706204,1.67209785793572,2.95170170706204,1.67209785793572,2.95170170706204,"Log10(Years)","Log10(g)","Nestor_notabilis","Psittacidae"
"3",1.61250696769434,2.63245729218472,1.32292988677108,2.63245729218472,1.90208404861759,2.63245729218472,"Log10(Years) - Imputed","Log10(g)","Nestor_meridionalis","Psittacidae"
"4",1.67209785793572,2.79239168949825,1.67209785793572,2.79239168949825,1.67209785793572,2.79239168949825,"Log10(Years)","Log10(g)","Calyptorhynchus_baudinii","Cacatuidae"
"5",1.6570558528571,2.85955857262605,1.6570558528571,2.85955857262605,1.6570558528571,2.85955857262605,"Log10(Years)","Log10(g)","Calyptorhynchus_banksii","Cacatuidae"
"6",1.58458797162483,2.64048143697042,1.19390274921793,2.64048143697042,1.97527319403173,2.64048143697042,"Log10(Years) - Imputed","Log10(g)","Calyptorhynchus_lathami","Cacatuidae"
"7",1.61258330804035,2.82980377687077,1.5513912343673,2.74767964624514,1.6737753817134,2.91192790749639,"Log10(Years) - Imputed","Log10(g) - Imputed","Calyptorhynchus_latirostris","Cacatuidae"
"8",1.61278385671974,2.83154985199576,1.61278385671974,2.83154985199576,1.61278385671974,2.83154985199576,"Log10(Years)","Log10(g)","Calyptorhynchus_funereus","Cacatuidae"
"9",1.43933269383026,2.40823996531185,1.43933269383026,2.40823996531185,1.43933269383026,2.40823996531185,"Log10(Years)","Log10(g)","Callocephalon_fimbriatum","Cacatuidae"
"10",1.75050839485135,2.91407858538911,1.75050839485135,2.91407858538911,1.75050839485135,2.91407858538911,"Log10(Years)","Log10(g)","Probosciger_aterrimus","Cacatuidae"
"11",1.63346845557959,2.75358305889291,1.63346845557959,2.75358305889291,1.63346845557959,2.75358305889291,"Log10(Years)","Log10(g)","Cacatua_tenuirostris","Cacatuidae"
"12",1.50379068305718,2.69196510276736,1.50379068305718,2.69196510276736,1.50379068305718,2.69196510276736,"Log10(Years)","Log10(g)","Cacatua_ophthalmica","Cacatuidae"
"13",1.42975228000241,2.75396586586516,1.42975228000241,2.75396586586516,1.42975228000241,2.75396586586516,"Log10(Years)","Log10(g)","Cacatua_alba","Cacatuidae"
"14",1.75587485567249,2.90308998699194,1.75587485567249,2.90308998699194,1.75587485567249,2.90308998699194,"Log10(Years)","Log10(g)","Cacatua_galerita","Cacatuidae"
"15",1.69635638873333,2.53147891704225,1.69635638873333,2.53147891704225,1.69635638873333,2.53147891704225,"Log10(Years)","Log10(g)","Cacatua_sulphurea","Cacatuidae"
"16",1.81822589361396,2.91907809237607,1.81822589361396,2.91907809237607,1.81822589361396,2.91907809237607,"Log10(Years)","Log10(g)","Cacatua_moluccensis","Cacatuidae"
"17",1.48429983934679,2.59549622182557,1.48429983934679,2.59549622182557,1.48429983934679,2.59549622182557,"Log10(Years)","Log10(g)","Cacatua_ducorpsii","Cacatuidae"
"18",1.67117284271508,2.54406804435028,1.67117284271508,2.54406804435028,1.67117284271508,2.54406804435028,"Log10(Years)","Log10(g)","Cacatua_sanguinea","Cacatuidae"
"19",1.41497334797082,2.43933269383026,1.41497334797082,2.43933269383026,1.41497334797082,2.43933269383026,"Log10(Years)","Log10(g)","Cacatua_goffiniana","Cacatuidae"
"20",1.41995574848976,2.80413943233535,1.41995574848976,2.80413943233535,1.41995574848976,2.80413943233535,"Log10(Years)","Log10(g)","Cacatua_pastinator","Cacatuidae"
"21",1.2380461031288,2.45939248775923,1.2380461031288,2.45939248775923,1.2380461031288,2.45939248775923,"Log10(Years)","Log10(g)","Cacatua_haematuropygia","Cacatuidae"
"22",1.91907809237607,2.5910646070265,1.91907809237607,2.5910646070265,1.91907809237607,2.5910646070265,"Log10(Years)","Log10(g)","Cacatua_leadbeateri","Cacatuidae"
"23",1.22395261763015,1.85649785518741,0.579339890510284,0.990267899913521,1.86856534475001,2.7227278104613,"Log10(Years) - Imputed","Log10(g) - Imputed","Pezoporus_wallicus","Psittacidae"
"24",1.22395261763015,1.85649785518741,0.579339890510284,0.990267899913521,1.86856534475001,2.7227278104613,"Log10(Years) - Imputed","Log10(g) - Imputed","Pezoporus_occidentalis","Psittacidae"
"25",1.21695134116885,1.79287070672577,0.622260196914999,0.993734800613894,1.8116424854227,2.59200661283764,"Log10(Years) - Imputed","Log10(g) - Imputed","Agapornis_canus","Psittacidae"
"26",1.25527250510331,1.63346845557959,1.25527250510331,1.63346845557959,1.25527250510331,1.63346845557959,"Log10(Years)","Log10(g)","Agapornis_pullarius","Psittacidae"
"27",1.19287307257793,1.75598489583765,0.753386826254618,1.16541609388339,1.63235931890123,2.34655369779192,"Log10(Years) - Imputed","Log10(g) - Imputed","Agapornis_swindernianus","Psittacidae"
"28",1.16435285578444,1.75966784468963,1.16435285578444,1.75966784468963,1.16435285578444,1.75966784468963,"Log10(Years)","Log10(g)","Agapornis_taranta","Psittacidae"
"29",1.27241258076913,1.57972060763768,1.20015907417531,1.48262868478486,1.34466608736295,1.6768125304905,"Log10(Years) - Imputed","Log10(g) - Imputed","Agapornis_nigrigenis","Psittacidae"
"30",1.28330122870355,1.57170883180869,1.28330122870355,1.57170883180869,1.28330122870355,1.57170883180869,"Log10(Years)","Log10(g)","Agapornis_lilianae","Psittacidae"
"31",1.21847917529542,1.61940435505534,1.05675239526406,1.40208111722814,1.38020595532679,1.83672759288254,"Log10(Years) - Imputed","Log10(g) - Imputed","Agapornis_personatus","Psittacidae"
"32",1.10037054511756,1.69152352216815,1.10037054511756,1.69152352216815,1.10037054511756,1.69152352216815,"Log10(Years)","Log10(g)","Agapornis_fischeri","Psittacidae"
"33",1.08121486976114,1.59219674848154,0.704355061113676,1.08578271471567,1.4580746784086,2.0986107822474,"Log10(Years) - Imputed","Log10(g) - Imputed","Loriculus_pusillus","Psittacidae"
"34",1.08121486976114,1.59219674848154,0.704355061091706,1.08578271468615,1.45807467843056,2.09861078227692,"Log10(Years) - Imputed","Log10(g) - Imputed","Loriculus_stigmatus","Psittacidae"
"35",1.08121486976114,1.59219674848154,0.704355061091706,1.08578271468615,1.45807467843056,2.09861078227692,"Log10(Years) - Imputed","Log10(g) - Imputed","Loriculus_beryllinus","Psittacidae"
"36",1.08055687404266,1.59076905061778,0.706813636301961,1.08854302669243,1.45430011178336,2.09299507454312,"Log10(Years) - Imputed","Log10(g) - Imputed","Loriculus_flosculus","Psittacidae"
"37",1.08055687404266,1.59076905061778,0.706813636301961,1.08854302669243,1.45430011178336,2.09299507454312,"Log10(Years) - Imputed","Log10(g) - Imputed","Loriculus_catamene","Psittacidae"
"38",1.00432137378264,1.54282542695918,1.00432137378264,1.54282542695918,1.00432137378264,1.54282542695918,"Log10(Years)","Log10(g)","Loriculus_philippensis","Psittacidae"
"39",1.15533603746506,1.44715803134222,1.15533603746506,1.44715803134222,1.15533603746506,1.44715803134222,"Log10(Years)","Log10(g)","Loriculus_galgulus","Psittacidae"
"40",1.01088271709226,1.54937081989412,0.936356785409542,1.44922528469235,1.08540864877499,1.64951635509588,"Log10(Years) - Imputed","Log10(g) - Imputed","Loriculus_amabilis","Psittacidae"
"41",1.00432137378264,1.55266821611219,1.00432137378264,1.55266821611219,1.00432137378264,1.55266821611219,"Log10(Years)","Log10(g)","Loriculus_vernalis","Psittacidae"
"42",1.0526065924929,1.53012343220445,0.872560482466949,1.28818321306425,1.23265270251886,1.77206365134466,"Log10(Years) - Imputed","Log10(g) - Imputed","Loriculus_aurantiifrons","Psittacidae"
"43",1.05742360766189,1.54057523618036,0.829379654039464,1.23413687856645,1.28546756128431,1.84701359379427,"Log10(Years) - Imputed","Log10(g) - Imputed","Loriculus_exilis","Psittacidae"
"44",1.25103109903014,1.98905389376852,0.563281710652193,1.06482731686537,1.93878048740808,2.91328047067166,"Log10(Years) - Imputed","Log10(g) - Imputed","Bolbopsittacus_lunulatus","Psittacidae"
"45",1.08913255287422,1.90265612022293,0.82575676192282,1.54888355501696,1.35250834382561,2.2564286854289,"Log10(Years) - Imputed","Log10(g) - Imputed","Charmosyna_meeki","Loriidae"
"46",1.06926752885413,1.91170426693329,0.887048685924249,1.66688624240898,1.25148637178402,2.15652229145761,"Log10(Years) - Imputed","Log10(g) - Imputed","Charmosyna_pulchella","Loriidae"
"47",1.05403367184473,1.91864300373253,1.0087322322204,1.85776898175232,1.09933511146906,1.97951702571273,"Log10(Years) - Imputed","Log10(g) - Imputed","Charmosyna_rubrigularis","Loriidae"
"48",1.05307844348342,1.91907809237607,1.05307844348342,1.91907809237607,1.05307844348342,1.91907809237607,"Log10(Years)","Log10(g)","Charmosyna_papou","Loriidae"
"49",1.07923561332722,1.90716399098685,0.851242484093325,1.60088133031161,1.30722874256112,2.2134466516621,"Log10(Years) - Imputed","Log10(g) - Imputed","Charmosyna_toxopei","Loriidae"
"50",1.11740991021173,1.889776313105,0.78253858160782,1.44014593794887,1.45228123881565,2.33940668826114,"Log10(Years) - Imputed","Log10(g) - Imputed","Charmosyna_josefinae","Loriidae"
"51",1.11740991021173,1.889776313105,0.78253858160782,1.44014593794887,1.45228123881565,2.33940668826114,"Log10(Years) - Imputed","Log10(g) - Imputed","Charmosyna_margarethae","Loriidae"
"52",1.11740991021173,1.889776313105,0.782538581610292,1.4401459379522,1.45228123881317,2.33940668825781,"Log10(Years) - Imputed","Log10(g) - Imputed","Charmosyna_diadema","Loriidae"
"53",1.16974556472789,1.86593840182097,0.764378330822811,1.32219454650924,1.57511279863296,2.40968225713269,"Log10(Years) - Imputed","Log10(g) - Imputed","Charmosyna_multistriata","Loriidae"
"54",1.16974556472789,1.86593840182097,0.764378330843235,1.32219454653673,1.57511279861254,2.4096822571052,"Log10(Years) - Imputed","Log10(g) - Imputed","Charmosyna_rubronotata","Loriidae"
"55",1.16974556472789,1.86593840182097,0.764378330839149,1.32219454653124,1.57511279861663,2.4096822571107,"Log10(Years) - Imputed","Log10(g) - Imputed","Charmosyna_palmarum","Loriidae"
"56",1.16974556472789,1.86593840182097,0.76437833085068,1.32219454654676,1.5751127986051,2.40968225709518,"Log10(Years) - Imputed","Log10(g) - Imputed","Charmosyna_placentis","Loriidae"
"57",1.16974556472789,1.86593840182097,0.76437833085068,1.32219454654676,1.5751127986051,2.40968225709518,"Log10(Years) - Imputed","Log10(g) - Imputed","Charmosyna_wilhelminae","Loriidae"
"58",1.23830139927546,1.92220627743902,0.965987462339089,1.92220627743902,1.51061533621184,1.92220627743902,"Log10(Years) - Imputed","Log10(g)","Phigys_solitarius","Loriidae"
"59",1.20387883519197,1.71249795242754,0.934909941317523,1.35289701690001,1.47284772906641,2.07209888795507,"Log10(Years) - Imputed","Log10(g) - Imputed","Vini_stepheni","Loriidae"
"60",1.13353890837022,1.65536002729074,1.13353890837022,1.31952201786857,1.13353890837022,1.99119803671291,"Log10(Years)","Log10(g) - Imputed","Vini_australis","Loriidae"
"61",1.26481782300954,1.46239799789896,1.26481782300954,1.46239799789896,1.26481782300954,1.46239799789896,"Log10(Years)","Log10(g)","Vini_peruviana","Loriidae"
"62",1.26159735265502,1.47356539724243,1.19520028190051,1.38424348103698,1.32799442340953,1.56288731344787,"Log10(Years) - Imputed","Log10(g) - Imputed","Vini_kuhlii","Loriidae"
"63",1.20792868149711,1.65966848687748,0.966267967701988,1.32649108870651,1.44958939529223,1.99284588504845,"Log10(Years) - Imputed","Log10(g) - Imputed","Vini_ultramarina","Loriidae"
"64",1.22452599961852,2.00284403723219,0.808122260451773,1.44290406718286,1.64092973878527,2.56278400728151,"Log10(Years) - Imputed","Log10(g) - Imputed","Neopsittacus_pullicauda","Loriidae"
"65",1.22452599961852,2.00284403723219,0.808122260451773,1.44290406718286,1.64092973878527,2.56278400728151,"Log10(Years) - Imputed","Log10(g) - Imputed","Neopsittacus_musschenbroekii","Loriidae"
"66",1.31103857927933,1.70757017609794,1.1201143102155,1.70757017609794,1.50196284834317,1.70757017609794,"Log10(Years) - Imputed","Log10(g)","Psitteuteles_goldiei","Loriidae"
"67",1.38201704257487,1.83738769492385,1.38201704257487,1.58081733783369,1.38201704257487,2.093958052014,"Log10(Years)","Log10(g) - Imputed","Psitteuteles_iris","Loriidae"
"68",1.29054951222673,1.94891515202597,1.02085164011653,1.58645462685037,1.56024738433692,2.31137567720156,"Log10(Years) - Imputed","Log10(g) - Imputed","Psitteuteles_versicolor","Loriidae"
"69",1.25243369903242,2.11916094840789,0.957108703145063,1.72223354512274,1.54775869491978,2.51608835169304,"Log10(Years) - Imputed","Log10(g) - Imputed","Chalcopsitta_cardinalis","Loriidae"
"70",1.24303804868629,2.41497334797082,1.24303804868629,2.41497334797082,1.24303804868629,2.41497334797082,"Log10(Years)","Log10(g)","Chalcopsitta_atra","Loriidae"
"71",1.26388672761217,2.22358245985648,1.01519290786748,1.88937199087749,1.51258054735686,2.55779292883548,"Log10(Years) - Imputed","Log10(g) - Imputed","Chalcopsitta_duivenbodei","Loriidae"
"72",1.29446622616159,2.27875360095283,1.29446622616159,2.27875360095283,1.29446622616159,2.27875360095283,"Log10(Years)","Log10(g)","Chalcopsitta_sintillata","Loriidae"
"73",1.12710479836481,2.17318626841227,1.12710479836481,2.17318626841227,1.12710479836481,2.17318626841227,"Log10(Years)","Log10(g)","Pseudeos_fuscata","Loriidae"
"74",1.20682587603185,2.06107532362979,1.20682587603185,2.06107532362979,1.20682587603185,2.06107532362979,"Log10(Years)","Log10(g)","Trichoglossus_haematodus","Loriidae"
"75",1.20920129598983,1.87212270742805,1.09340039595663,1.71644549679375,1.32500219602302,2.02779991806236,"Log10(Years) - Imputed","Log10(g) - Imputed","Trichoglossus_rubiginosus","Loriidae"
"76",1.20411998265592,1.86746748785905,1.20411998265592,1.86746748785905,1.20411998265592,1.86746748785905,"Log10(Years)","Log10(g)","Trichoglossus_euteles","Loriidae"
"77",1.25042000230889,1.7419390777292,1.25042000230889,1.7419390777292,1.25042000230889,1.7419390777292,"Log10(Years)","Log10(g)","Trichoglossus_johnstoniae","Loriidae"
"78",1.23090878507467,1.83547677525787,1.07087785796573,1.62019428174217,1.39093971218362,2.05075926877358,"Log10(Years) - Imputed","Log10(g) - Imputed","Trichoglossus_chlorolepidotus","Loriidae"
"79",1.24772750880784,1.98890547583359,1.01085751331688,1.60109205162273,1.48459750429879,2.37671890004446,"Log10(Years) - Imputed","Log10(g) - Imputed","Trichoglossus_flavoviridis","Loriidae"
"80",1.28780172993023,2.00167540085928,1.28780172993023,1.6212770688646,1.28780172993023,2.38207373285397,"Log10(Years)","Log10(g) - Imputed","Trichoglossus_ornatus","Loriidae"
"81",1.25767857486918,2.22271647114758,1.25767857486918,2.22271647114758,1.25767857486918,2.22271647114758,"Log10(Years)","Log10(g)","Eos_cyanogenia","Loriidae"
"82",1.18184358794477,2.09263230563799,1.18184358794477,1.78455629749479,1.18184358794477,2.4007083137812,"Log10(Years)","Log10(g) - Imputed","Eos_histrio","Loriidae"
"83",1.22010808804006,2.10482555066377,1.22010808804006,1.79674954250682,1.22010808804006,2.41290155882071,"Log10(Years)","Log10(g) - Imputed","Eos_reticulata","Loriidae"
"84",1.21748394421391,2.10398934926102,1.21748394421391,1.79591334110407,1.21748394421391,2.41206535741796,"Log10(Years)","Log10(g) - Imputed","Eos_squamata","Loriidae"
"85",1.2148723843069,2.07804801717782,0.981264608673426,1.73628748506506,1.44848015994037,2.41980854929058,"Log10(Years) - Imputed","Log10(g) - Imputed","Eos_semilarvata","Loriidae"
"86",1.21073439192127,2.02836471882136,0.93937260420676,1.64944301407021,1.48209617963578,2.40728642357251,"Log10(Years) - Imputed","Log10(g) - Imputed","Glossopsitta_pusilla","Loriidae"
"87",1.06069784035361,1.85003325768977,1.06069784035361,1.85003325768977,1.06069784035361,1.85003325768977,"Log10(Years)","Log10(g)","Glossopsitta_concinna","Loriidae"
"88",1.07918124604762,1.64345267648619,1.07918124604762,1.64345267648619,1.07918124604762,1.64345267648619,"Log10(Years)","Log10(g)","Glossopsitta_porphyrocephala","Loriidae"
"89",1.32812181871783,2.14053745536186,1.02931068727386,1.73892078142658,1.6269329501618,2.54215412929715,"Log10(Years) - Imputed","Log10(g) - Imputed","Lorius_albidinucha","Loriidae"
"90",1.32812181871783,2.14053745536186,1.02931068727386,1.73892078142658,1.6269329501618,2.54215412929715,"Log10(Years) - Imputed","Log10(g) - Imputed","Lorius_chlorocercus","Loriidae"
"91",1.42488163663107,2.15533603746506,1.42488163663107,2.15533603746506,1.42488163663107,2.15533603746506,"Log10(Years)","Log10(g)","Lorius_garrulus","Loriidae"
"92",1.26717172840301,2.24797326636181,1.26717172840301,2.24797326636181,1.26717172840301,2.24797326636181,"Log10(Years)","Log10(g)","Lorius_lory","Loriidae"
"93",1.41497334797082,2.26007138798507,1.41497334797082,2.26007138798507,1.41497334797082,2.26007138798507,"Log10(Years)","Log10(g)","Lorius_domicella","Loriidae"
"94",1.34193996022616,2.16656568714807,1.07460188180076,1.80728313333316,1.60927803865156,2.52584824096298,"Log10(Years) - Imputed","Log10(g) - Imputed","Lorius_hypoinochrous","Loriidae"
"95",1.19649685856082,1.96684505399419,0.688827871189537,1.28419518393299,1.7041658459321,2.64949492405538,"Log10(Years) - Imputed","Log10(g) - Imputed","Oreopsittacus_arfaki","Loriidae"
"96",1.12198093580366,2.04185450026166,0.808910404683741,1.60167046110007,1.43505146692358,2.48203853942324,"Log10(Years) - Imputed","Log10(g) - Imputed","Cyclopsitta_gulielmitertii","Psittacidae"
"97",1.12198093580366,2.04185450026166,0.808910404683741,1.60167046110007,1.43505146692358,2.48203853942324,"Log10(Years) - Imputed","Log10(g) - Imputed","Cyclopsitta_diophthalma","Psittacidae"
"98",1.12198093580366,2.04185450026166,0.808910404683741,1.60167046110007,1.43505146692358,2.48203853942324,"Log10(Years) - Imputed","Log10(g) - Imputed","Cyclopsitta_diophthalma","Psittacidae"
"99",1.07918124604762,2.03984039718908,1.07918124604762,1.70251207219854,1.07918124604762,2.37716872217962,"Log10(Years)","Log10(g) - Imputed","Psittaculirostris_edwardsii","Psittacidae"
"100",1.07918124604762,2.07188200730613,1.07918124604762,2.07188200730613,1.07918124604762,2.07188200730613,"Log10(Years)","Log10(g)","Psittaculirostris_salvadorii","Psittacidae"
"101",1.17318626841227,2.06818586174616,1.17318626841227,2.06818586174616,1.17318626841227,2.06818586174616,"Log10(Years)","Log10(g)","Psittaculirostris_desmarestii","Psittacidae"
"102",1.19794169718351,2.05885798373605,0.711967707413701,1.40419834956961,1.68391568695332,2.71351761790249,"Log10(Years) - Imputed","Log10(g) - Imputed","Lathamus_discolor","Psittacidae"
"103",1.30319605742049,2.25408543338302,1.30319605742049,1.85286156043274,1.30319605742049,2.6553093063333,"Log10(Years)","Log10(g) - Imputed","Prosopeia_splendens","Psittacidae"
"104",1.07188200730613,2.18037562706319,1.07188200730613,1.77915175411291,1.07188200730613,2.58159950001347,"Log10(Years)","Log10(g) - Imputed","Prosopeia_personata","Psittacidae"
"105",1.22217866203892,2.3654879848909,0.937163078373693,2.3654879848909,1.50719424570414,2.3654879848909,"Log10(Years) - Imputed","Log10(g)","Prosopeia_tabuensis","Psittacidae"
"106",1.23238763958311,2.07072505050452,0.982064728296615,1.73393558898555,1.4827105508696,2.40751451202349,"Log10(Years) - Imputed","Log10(g) - Imputed","Psittacella_brehmii","Psittacidae"
"107",1.23238763958311,2.07072505050452,0.982064728296615,1.73393558898555,1.4827105508696,2.40751451202349,"Log10(Years) - Imputed","Log10(g) - Imputed","Psittacella_madaraszi","Psittacidae"
"108",1.23238763958311,2.07072505050452,0.982064728296615,1.73393558898555,1.4827105508696,2.40751451202349,"Log10(Years) - Imputed","Log10(g) - Imputed","Psittacella_modesta","Psittacidae"
"109",1.23238763958311,2.07072505050452,0.982064728280079,1.73393558896335,1.48271055088614,2.40751451204569,"Log10(Years) - Imputed","Log10(g) - Imputed","Psittacella_picta","Psittacidae"
"110",1.29446622616159,2.11394335230684,1.29446622616159,2.11394335230684,1.29446622616159,2.11394335230684,"Log10(Years)","Log10(g)","Eunymphicus_cornutus","Psittacidae"
"111",1.07767673810879,1.88557977277291,0.862368833379505,1.59605044525679,1.29298464283807,2.17510910028903,"Log10(Years) - Imputed","Log10(g) - Imputed","Cyanoramphus_saisseti","Psittacidae"
"112",1.07767673810879,1.88557977277291,0.862368833379505,1.59605044525679,1.29298464283807,2.17510910028903,"Log10(Years) - Imputed","Log10(g) - Imputed","Cyanoramphus_cookii","Psittacidae"
"113",1.07767673810879,1.88557977277291,0.86236883337989,1.59605044525731,1.29298464283768,2.17510910028852,"Log10(Years) - Imputed","Log10(g) - Imputed","Cyanoramphus_forbesi","Psittacidae"
"114",0.968482948553935,1.66275783168157,0.968482948553935,1.66275783168157,0.968482948553935,1.66275783168157,"Log10(Years)","Log10(g)","Cyanoramphus_auriceps","Psittacidae"
"115",1.09342168516224,1.96661098668193,1.09342168516224,1.96661098668193,1.09342168516224,1.96661098668193,"Log10(Years)","Log10(g)","Cyanoramphus_novaezelandiae","Psittacidae"
"116",1.0611125756998,1.8809714011659,0.949710107279655,1.73126152063904,1.17251504411995,2.03068128169275,"Log10(Years) - Imputed","Log10(g) - Imputed","Cyanoramphus_malherbi","Psittacidae"
"117",1.0611125756998,1.8809714011659,0.949710107279655,1.73126152063904,1.17251504411995,2.03068128169275,"Log10(Years) - Imputed","Log10(g) - Imputed","Cyanoramphus_unicolor","Psittacidae"
"118",1.25527250510331,1.74036268949424,1.25527250510331,1.74036268949424,1.25527250510331,1.74036268949424,"Log10(Years)","Log10(g)","Psephotus_dissimilis","Psittacidae"
"119",1.07188200730613,1.78887511577542,1.07188200730613,1.78887511577542,1.07188200730613,1.78887511577542,"Log10(Years)","Log10(g)","Psephotus_varius","Psittacidae"
"120",1.08049667827818,1.79548641664185,0.938013960857557,1.60402272864135,1.2229793956988,1.98695010464235,"Log10(Years) - Imputed","Log10(g) - Imputed","Psephotus_chrysopterygius","Psittacidae"
"121",1.08635983067475,1.78816837114117,1.08635983067475,1.78816837114117,1.08635983067475,1.78816837114117,"Log10(Years)","Log10(g)","Psephotus_haematonotus","Psittacidae"
"122",1.1846914308176,2.06445798922692,1.1846914308176,2.06445798922692,1.1846914308176,2.06445798922692,"Log10(Years)","Log10(g)","Purpureicephalus_spurius","Psittacidae"
"123",1.43775056282039,2.01703333929878,1.43775056282039,2.01703333929878,1.43775056282039,2.01703333929878,"Log10(Years)","Log10(g)","Platycercus_eximius","Psittacidae"
"124",1.38177734616356,1.99506341748489,1.24221005487602,1.8075174002845,1.5213446374511,2.18260943468528,"Log10(Years) - Imputed","Log10(g) - Imputed","Platycercus_adscitus","Psittacidae"
"125",1.28103336724773,1.95182303531591,1.28103336724773,1.95182303531591,1.28103336724773,1.95182303531591,"Log10(Years)","Log10(g)","Platycercus_venustus","Psittacidae"
"126",1.42813479402879,2.09516935143176,1.42813479402879,2.09516935143176,1.42813479402879,2.09516935143176,"Log10(Years)","Log10(g)","Platycercus_elegans","Psittacidae"
"127",1.40919184346003,2.07571259094198,1.28391898431247,1.90737496207826,1.5344647026076,2.2440502198057,"Log10(Years) - Imputed","Log10(g) - Imputed","Platycercus_caledonicus","Psittacidae"
"128",1.12057393120585,1.80140371001735,1.12057393120585,1.80140371001735,1.12057393120585,1.80140371001735,"Log10(Years)","Log10(g)","Platycercus_icterotis","Psittacidae"
"129",1.25285303097989,2.17609125905568,1.25285303097989,2.17609125905568,1.25285303097989,2.17609125905568,"Log10(Years)","Log10(g)","Barnardius_zonarius","Psittacidae"
"130",1.1846914308176,1.93550726582471,1.1846914308176,1.93550726582471,1.1846914308176,1.93550726582471,"Log10(Years)","Log10(g)","Northiella_haematogaster","Psittacidae"
"131",1.32221929473392,1.66370092538965,1.32221929473392,1.66370092538965,1.32221929473392,1.66370092538965,"Log10(Years)","Log10(g)","Neophema_chrysostoma","Psittacidae"
"132",1.14612803567824,1.58658730467175,1.14612803567824,1.58658730467175,1.14612803567824,1.58658730467175,"Log10(Years)","Log10(g)","Neophema_splendida","Psittacidae"
"133",1.32221929473392,1.6170003411209,1.32221929473392,1.6170003411209,1.32221929473392,1.6170003411209,"Log10(Years)","Log10(g)","Neophema_pulchella","Psittacidae"
"134",1.31928915956494,1.61797985343778,1.23315002997792,1.50222887943516,1.40542828915196,1.73373082744041,"Log10(Years) - Imputed","Log10(g) - Imputed","Neophema_chrysogaster","Psittacidae"
"135",1.25448177453851,1.65509097662325,0.868781337418351,1.13679849956099,1.64018221165867,2.17338345368551,"Log10(Years) - Imputed","Log10(g) - Imputed","Neophema_petrophila","Psittacidae"
"136",1.25448177453851,1.65509097662325,0.868781337418351,1.13679849956099,1.64018221165867,2.17338345368551,"Log10(Years) - Imputed","Log10(g) - Imputed","Neophema_elegans","Psittacidae"
"137",1.10037054511756,1.65561858354122,1.10037054511756,1.65561858354122,1.10037054511756,1.65561858354122,"Log10(Years)","Log10(g)","Neopsephotus_bourkii","Psittacidae"
"138",1.36419681822038,2.15421627227817,1.00573003085526,1.67250957244263,1.7226636055855,2.63592297211371,"Log10(Years) - Imputed","Log10(g) - Imputed","Aprosmictus_jonquillaceus","Psittacidae"
"139",1.38738982633873,2.13353890837022,1.38738982633873,2.13353890837022,1.38738982633873,2.13353890837022,"Log10(Years)","Log10(g)","Aprosmictus_erythropterus","Psittacidae"
"140",1.42488163663107,2.36642295722597,1.42488163663107,2.36642295722597,1.42488163663107,2.36642295722597,"Log10(Years)","Log10(g)","Alisterus_scapularis","Psittacidae"
"141",1.42050686628584,2.35860547786519,1.30350890077106,2.20138723713928,1.53750483180062,2.51582371859111,"Log10(Years) - Imputed","Log10(g) - Imputed","Alisterus_amboinensis","Psittacidae"
"142",1.39268259600891,2.30888500308506,1.09309332863739,1.90630314478511,1.69227186338042,2.71146686138501,"Log10(Years) - Imputed","Log10(g) - Imputed","Alisterus_chloropterus","Psittacidae"
"143",1.17897694729317,2.1846914308176,1.17897694729317,2.1846914308176,1.17897694729317,2.1846914308176,"Log10(Years)","Log10(g)","Polytelis_swainsonii","Psittacidae"
"144",1.13987908640124,2.23044892137827,1.13987908640124,2.23044892137827,1.13987908640124,2.23044892137827,"Log10(Years)","Log10(g)","Polytelis_anthopeplus","Psittacidae"
"145",1.37839790094814,2.03622954408629,1.37839790094814,2.03622954408629,1.37839790094814,2.03622954408629,"Log10(Years)","Log10(g)","Polytelis_alexandrae","Psittacidae"
"146",1.31477530451529,2.19217412168198,0.918152645068887,1.65532710330689,1.7113979639617,2.72902114005706,"Log10(Years) - Imputed","Log10(g) - Imputed","Psittacula_finschii","Psittacidae"
"147",1.31477530451529,2.19217412168198,0.918152645068887,1.65532710330689,1.7113979639617,2.72902114005706,"Log10(Years) - Imputed","Log10(g) - Imputed","Psittacula_himalayana","Psittacidae"
"148",1.27415784926368,1.81954393554187,1.27415784926368,1.81954393554187,1.27415784926368,1.81954393554187,"Log10(Years)","Log10(g)","Psittacula_cyanocephala","Psittacidae"
"149",1.30005049531161,2.0570866731834,0.950702875709256,1.58585223259537,1.64939811491397,2.52832111377144,"Log10(Years) - Imputed","Log10(g) - Imputed","Psittacula_roseata","Psittacidae"
"150",1.36735592102602,2.16731733474818,1.36735592102602,2.16731733474818,1.36735592102602,2.16731733474818,"Log10(Years)","Log10(g)","Psittacula_alexandri","Psittacidae"
"151",1.35246078788122,2.18521820628514,1.07227408358508,1.80805433659975,1.63264749217737,2.56238207597052,"Log10(Years) - Imputed","Log10(g) - Imputed","Psittacula_derbiana","Psittacidae"
"152",1.33248975431539,2.20921926104893,0.953393653662447,1.69714192571816,1.71158585496834,2.72129659637969,"Log10(Years) - Imputed","Log10(g) - Imputed","Psittacula_longicauda","Psittacidae"
"153",1.33248975431539,2.20921926104893,0.953393653662447,1.69714192571816,1.71158585496834,2.72129659637969,"Log10(Years) - Imputed","Log10(g) - Imputed","Psittacula_columboides","Psittacidae"
"154",1.47712125471966,2.40654018043396,1.47712125471966,2.40654018043396,1.47712125471966,2.40654018043396,"Log10(Years)","Log10(g)","Psittacula_eupatria","Psittacidae"
"155",1.30089645360401,2.23271297000741,0.882574594094177,1.66394786316423,1.71921831311384,2.80147807685059,"Log10(Years) - Imputed","Log10(g) - Imputed","Psittacula_caniceps","Psittacidae"
"156",1.28035833100393,2.2606253804118,0.849357324816421,1.67092826006248,1.71135933719143,2.85032250076112,"Log10(Years) - Imputed","Log10(g) - Imputed","Tanygnathus_gramineus","Psittacidae"
"157",1.36172783601759,2.51188336097887,1.36172783601759,2.51188336097887,1.36172783601759,2.51188336097887,"Log10(Years)","Log10(g)","Tanygnathus_megalorynchos","Psittacidae"
"158",1.15836249209525,2.43216726944259,1.15836249209525,2.43216726944259,1.15836249209525,2.43216726944259,"Log10(Years)","Log10(g)","Tanygnathus_sumatranus","Psittacidae"
"159",1.27850247876886,2.27993930829435,0.85518950977172,1.70224030533485,1.70181544776599,2.85763831125385,"Log10(Years) - Imputed","Log10(g) - Imputed","Tanygnathus_lucionensis","Psittacidae"
"160",1.00860017176192,2.17286763546857,1.00860017176192,1.59879137579318,1.00860017176192,2.74694389514395,"Log10(Years)","Log10(g) - Imputed","Psittinus_cyanurus","Psittacidae"
"161",1.29303206643884,2.26933224477467,0.837912978153541,1.64998734172085,1.74815115472413,2.8886771478285,"Log10(Years) - Imputed","Log10(g) - Imputed","Geoffroyus_simplex","Psittacidae"
"162",1.29303206643884,2.26933224477467,0.837912978153541,1.64998734172085,1.74815115472413,2.8886771478285,"Log10(Years) - Imputed","Log10(g) - Imputed","Geoffroyus_heteroclitus","Psittacidae"
"163",1.29303206643884,2.26933224477467,0.837912978150448,1.64998734171674,1.74815115472722,2.88867714783261,"Log10(Years) - Imputed","Log10(g) - Imputed","Geoffroyus_geoffroyi","Psittacidae"
"164",1.45484486000851,2.64345267648619,1.45484486000851,2.64345267648619,1.45484486000851,2.64345267648619,"Log10(Years)","Log10(g)","Eclectus_roratus","Psittacidae"
"165",1.30645664255741,2.19320199601572,0.679248649349864,1.34953413747092,1.93366463576495,3.03686985456052,"Log10(Years) - Imputed","Log10(g) - Imputed","Prioniturus_discurus","Psittacidae"
"166",1.30645664255741,2.19320199601572,0.679248649349864,1.34953413747092,1.93366463576495,3.03686985456052,"Log10(Years) - Imputed","Log10(g) - Imputed","Prioniturus_flavicans","Psittacidae"
"167",1.30645664255741,2.19320199601572,0.679248649348545,1.34953413746915,1.93366463576627,3.03686985456229,"Log10(Years) - Imputed","Log10(g) - Imputed","Prioniturus_montanus","Psittacidae"
"168",1.30645664255741,2.19320199601572,0.679248649351185,1.34953413747269,1.93366463576363,3.03686985455875,"Log10(Years) - Imputed","Log10(g) - Imputed","Prioniturus_mada","Psittacidae"
"169",1.30645664255741,2.19320199601572,0.679248649324785,1.34953413743725,1.93366463579003,3.03686985459419,"Log10(Years) - Imputed","Log10(g) - Imputed","Prioniturus_platurus","Psittacidae"
"170",1.30645664255741,2.19320199601572,0.679248649324785,1.34953413743725,1.93366463579003,3.03686985459419,"Log10(Years) - Imputed","Log10(g) - Imputed","Prioniturus_verticalis","Psittacidae"
"171",1.30645664255741,2.19320199601572,0.679248649351185,1.34953413747269,1.93366463576363,3.03686985455875,"Log10(Years) - Imputed","Log10(g) - Imputed","Prioniturus_luconensis","Psittacidae"
"172",1.30645664255741,2.19320199601572,0.679248649351185,1.34953413747269,1.93366463576363,3.03686985455875,"Log10(Years) - Imputed","Log10(g) - Imputed","Prioniturus_platenae","Psittacidae"
"173",1.29547875195054,2.13025349262214,0.617412165819643,1.21884530104458,1.97354533808144,3.0416616841997,"Log10(Years) - Imputed","Log10(g) - Imputed","Micropsitta_keiensis","Psittacidae"
"174",1.29547875195054,2.13025349262214,0.617412165819643,1.21884530104458,1.97354533808144,3.0416616841997,"Log10(Years) - Imputed","Log10(g) - Imputed","Micropsitta_pusio","Psittacidae"
"175",1.29547875195054,2.13025349262214,0.617412165812073,1.21884530103441,1.97354533808901,3.04166168420987,"Log10(Years) - Imputed","Log10(g) - Imputed","Micropsitta_finschii","Psittacidae"
"176",1.29547875195054,2.13025349262214,0.617412165824283,1.21884530105082,1.9735453380768,3.04166168419346,"Log10(Years) - Imputed","Log10(g) - Imputed","Micropsitta_bruijnii","Psittacidae"
"177",1.29547875195054,2.13025349262214,0.617412165812073,1.21884530103441,1.97354533808901,3.04166168420986,"Log10(Years) - Imputed","Log10(g) - Imputed","Micropsitta_meeki","Psittacidae"
"178",1.29547875195054,2.13025349262214,0.617412165812073,1.21884530103441,1.97354533808901,3.04166168420986,"Log10(Years) - Imputed","Log10(g) - Imputed","Micropsitta_geelvinkiana","Psittacidae"
"179",1.39794000867204,2.93701610746481,1.39794000867204,2.93701610746481,1.39794000867204,2.93701610746481,"Log10(Years)","Log10(g)","Psittrichas_fulgidus","Psittacidae"
"180",1.5327543789925,2.28668096935493,1.5327543789925,2.28668096935493,1.5327543789925,2.28668096935493,"Log10(Years)","Log10(g)","Coracopsis_nigra","Psittacidae"
"181",1.73158876518674,2.72015930340596,1.73158876518674,2.72015930340596,1.73158876518674,2.72015930340596,"Log10(Years)","Log10(g)","Coracopsis_vasa","Psittacidae"
"182",1.02118929906994,1.52504480703685,1.02118929906994,1.52504480703685,1.02118929906994,1.52504480703685,"Log10(Years)","Log10(g)","Forpus_cyanopygius","Psittacidae"
"183",1.06075309607098,1.4619516051718,0.737387439939528,1.02713873578299,1.38411875220243,1.89676447456061,"Log10(Years) - Imputed","Log10(g) - Imputed","Forpus_modestus","Psittacidae"
"184",1.06445798922692,1.38021124171161,1.06445798922692,1.38021124171161,1.06445798922692,1.38021124171161,"Log10(Years)","Log10(g)","Forpus_passerinus","Psittacidae"
"185",1.06197588554667,1.43497343010145,0.787193714328871,1.06557972077592,1.33675805676446,1.80436713942698,"Log10(Years) - Imputed","Log10(g) - Imputed","Forpus_xanthopterygius","Psittacidae"
"186",1.02118929906994,1.47715494051997,1.02118929906994,1.03153238145103,1.02118929906994,1.92277749958891,"Log10(Years)","Log10(g) - Imputed","Forpus_xanthops","Psittacidae"
"187",1.01703333929878,1.41830129131975,1.01703333929878,1.41830129131975,1.01703333929878,1.41830129131975,"Log10(Years)","Log10(g)","Forpus_coelestis","Psittacidae"
"188",1.07083131969985,1.57401266514064,0.596757429711746,0.925582211319822,1.54490520968794,2.22244311896145,"Log10(Years) - Imputed","Log10(g) - Imputed","Forpus_conspicillatus","Psittacidae"
"189",1.30469071554884,2.20636260362621,0.871701103796949,1.61478469861933,1.73768032730074,2.7979405086331,"Log10(Years) - Imputed","Log10(g) - Imputed","Pyrrhura_calliptera","Psittacidae"
"190",1.25564607155821,2.07527052652433,1.03582530229047,1.63395100643459,1.47546684082595,2.51659004661407,"Log10(Years) - Imputed","Log10(g) - Imputed","Pyrrhura_pfrimeri","Psittacidae"
"191",1.25818875184654,2.07608076901282,1.06112500081768,1.63585380807768,1.4552525028754,2.51630772994795,"Log10(Years) - Imputed","Log10(g) - Imputed","Pyrrhura_picta","Psittacidae"
"192",1.26096299032095,2.07696479910322,1.09445316931907,1.63802061459807,1.42747281132284,2.51590898360837,"Log10(Years) - Imputed","Log10(g) - Imputed","Pyrrhura_griseipectus","Psittacidae"
"193",1.26717172840301,2.0789432560162,1.26717172840301,1.64321724026204,1.26717172840301,2.51466927177037,"Log10(Years)","Log10(g) - Imputed","Pyrrhura_leucotis","Psittacidae"
"194",1.20053038553318,2.00917526713077,0.959563562715544,1.67094207374722,1.44149720835082,2.34740846051431,"Log10(Years) - Imputed","Log10(g) - Imputed","Pyrrhura_frontalis","Psittacidae"
"195",1.20053038553318,2.00917526713077,0.959563562715544,1.67094207374722,1.44149720835082,2.34740846051431,"Log10(Years) - Imputed","Log10(g) - Imputed","Pyrrhura_hoematotis","Psittacidae"
"196",1.1749404511609,1.96973465306739,1.00825686934394,1.74177329243635,1.34162403297786,2.19769601369844,"Log10(Years) - Imputed","Log10(g) - Imputed","Pyrrhura_lepida","Psittacidae"
"197",1.15533603746506,1.93951925261862,1.15533603746506,1.93951925261862,1.15533603746506,1.93951925261862,"Log10(Years)","Log10(g)","Pyrrhura_perlata","Psittacidae"
"198",1.18767045147008,1.98935482957573,0.978638274182513,1.69989065687691,1.39670262875764,2.27881900227454,"Log10(Years) - Imputed","Log10(g) - Imputed","Pyrrhura_molinae","Psittacidae"
"199",1.20663046597395,2.01857704655387,0.953089205001446,1.66027163310124,1.46017172694645,2.3768824600065,"Log10(Years) - Imputed","Log10(g) - Imputed","Pyrrhura_egregia","Psittacidae"
"200",1.20663046597395,2.01857704655387,0.953089205004712,1.66027163310541,1.46017172694319,2.37688246000233,"Log10(Years) - Imputed","Log10(g) - Imputed","Pyrrhura_hoffmanni","Psittacidae"
"201",1.20663046597395,2.01857704655387,0.953089205004712,1.66027163310541,1.46017172694319,2.37688246000233,"Log10(Years) - Imputed","Log10(g) - Imputed","Pyrrhura_devillei","Psittacidae"
"202",1.20663046597395,2.01857704655387,0.953089205008303,1.66027163311,1.46017172693959,2.37688245999774,"Log10(Years) - Imputed","Log10(g) - Imputed","Pyrrhura_rhodocephala","Psittacidae"
"203",1.20663046597395,2.01857704655387,0.953089204995568,1.66027163309373,1.46017172695233,2.37688246001401,"Log10(Years) - Imputed","Log10(g) - Imputed","Pyrrhura_albipectus","Psittacidae"
"204",1.20663046597395,2.01857704655387,0.953089204995568,1.66027163309373,1.46017172695233,2.37688246001401,"Log10(Years) - Imputed","Log10(g) - Imputed","Pyrrhura_melanura","Psittacidae"
"205",1.20663046597395,2.01857704655387,0.953089204995569,1.66027163309373,1.46017172695233,2.37688246001401,"Log10(Years) - Imputed","Log10(g) - Imputed","Pyrrhura_orcesi","Psittacidae"
"206",1.20663046597395,2.01857704655387,0.953089205005365,1.66027163310624,1.46017172694253,2.3768824600015,"Log10(Years) - Imputed","Log10(g) - Imputed","Pyrrhura_rupicola","Psittacidae"
"207",1.22887409295281,2.05286014764667,0.939573266744159,1.63283418247752,1.51817491916147,2.47288611281583,"Log10(Years) - Imputed","Log10(g) - Imputed","Pyrrhura_viridicata","Psittacidae"
"208",1.25452489774019,2.10052366327154,0.912160982964906,1.61121425219591,1.59688881251548,2.58983307434717,"Log10(Years) - Imputed","Log10(g) - Imputed","Pyrrhura_cruentata","Psittacidae"
"209",1.40521436955781,2.38599890562948,0.97355654814546,1.8049819906803,1.83687219097017,2.96701582057867,"Log10(Years) - Imputed","Log10(g) - Imputed","Rhynchopsitta_terrisi","Psittacidae"
"210",1.51851393987789,2.55630250076729,1.51851393987789,2.55630250076729,1.51851393987789,2.55630250076729,"Log10(Years)","Log10(g)","Rhynchopsitta_pachyrhyncha","Psittacidae"
"211",1.18957980465507,2.28695165150233,1.07754177589711,2.13639880133345,1.30161783341302,2.43750450167122,"Log10(Years) - Imputed","Log10(g) - Imputed","Enicognathus_ferrugineus","Psittacidae"
"212",1.1846914308176,2.28555730900777,1.1846914308176,2.28555730900777,1.1846914308176,2.28555730900777,"Log10(Years)","Log10(g)","Enicognathus_leptorhynchus","Psittacidae"
"213",1.58319877396862,2.9731278535997,1.58319877396862,2.9731278535997,1.58319877396862,2.9731278535997,"Log10(Years)","Log10(g)","Anodorhynchus_leari","Psittacidae"
"214",1.58883172559421,3.14301480025409,1.58883172559421,3.14301480025409,1.58883172559421,3.14301480025409,"Log10(Years)","Log10(g)","Anodorhynchus_hyacinthinus","Psittacidae"
"215",1.39496615519672,2.38146457407231,0.980743933546234,1.82498663545194,1.8091883768472,2.93794251269268,"Log10(Years) - Imputed","Log10(g) - Imputed","Leptosittaca_branickii","Psittacidae"
"216",1.35983548233989,2.17897694729317,1.35983548233989,2.17897694729317,1.35983548233989,2.17897694729317,"Log10(Years)","Log10(g)","Diopsittaca_nobilis","Psittacidae"
"217",1.37644199568443,2.21955776574113,0.943755460427653,1.77228910046974,1.80912853094121,2.66682643101252,"Log10(Years) - Imputed","Log10(g) - Imputed","Aratinga_leucophthalma","Psittacidae"
"218",1.36669989453019,2.16435285578444,0.941272058524721,2.16435285578444,1.79212773053565,2.16435285578444,"Log10(Years) - Imputed","Log10(g)","Aratinga_chloroptera","Psittacidae"
"219",1.44261074108053,2.26053131640769,1.09598962234264,1.79787731741854,1.78923185981841,2.72318531539684,"Log10(Years) - Imputed","Log10(g) - Imputed","Aratinga_pertinax","Psittacidae"
"220",1.44261074108053,2.26053131640769,1.09598962234264,1.79787731741854,1.78923185981841,2.72318531539684,"Log10(Years) - Imputed","Log10(g) - Imputed","Aratinga_mitrata","Psittacidae"
"221",1.44261074108053,2.26053131640769,1.09598962236414,1.79787731744762,1.78923185979691,2.72318531536776,"Log10(Years) - Imputed","Log10(g) - Imputed","Aratinga_aurea","Psittacidae"
"222",1.44261074108053,2.26053131640769,1.09598962236414,1.79787731744762,1.78923185979691,2.72318531536776,"Log10(Years) - Imputed","Log10(g) - Imputed","Aratinga_wagleri","Psittacidae"
"223",1.45658909214605,2.25263615221898,1.15477501816542,1.84889159187581,1.75840316612669,2.65638071256215,"Log10(Years) - Imputed","Log10(g) - Imputed","Aratinga_nana","Psittacidae"
"224",1.48775705876134,2.23503205766575,1.38436526968794,2.0961546036971,1.59114884783474,2.3739095116344,"Log10(Years) - Imputed","Log10(g) - Imputed","Aratinga_cactorum","Psittacidae"
"225",1.49136169383427,2.23299611039215,1.49136169383427,2.23299611039215,1.49136169383427,2.23299611039215,"Log10(Years)","Log10(g)","Aratinga_acuticaudata","Psittacidae"
"226",1.32014628611105,2.11394335230684,1.32014628611105,2.11394335230684,1.32014628611105,2.11394335230684,"Log10(Years)","Log10(g)","Aratinga_auricapillus","Psittacidae"
"227",1.31065006237448,2.04727486738418,1.18010862315958,2.04727486738418,1.44119150158938,2.04727486738418,"Log10(Years) - Imputed","Log10(g)","Aratinga_solstitialis","Psittacidae"
"228",1.31084663633642,2.04838877984485,1.18018584448968,2.01674927627355,1.44150742818316,2.08002828341616,"Log10(Years) - Imputed","Log10(g) - Imputed","Aratinga_jandaya","Psittacidae"
"229",1.3384564936046,2.13987908640124,1.3384564936046,2.13987908640124,1.3384564936046,2.13987908640124,"Log10(Years)","Log10(g)","Aratinga_holochlora","Psittacidae"
"230",1.2718416065365,2.10720996964787,1.2718416065365,2.10720996964787,1.2718416065365,2.10720996964787,"Log10(Years)","Log10(g)","Nandayus_nenday","Psittacidae"
"231",1.41830129131975,2.17897694729317,1.41830129131975,2.17897694729317,1.41830129131975,2.17897694729317,"Log10(Years)","Log10(g)","Aratinga_erythrogenys","Psittacidae"
"232",1.20951501454263,1.92941892571429,1.20951501454263,1.92941892571429,1.20951501454263,1.92941892571429,"Log10(Years)","Log10(g)","Aratinga_canicularis","Psittacidae"
"233",1.21251181303343,1.93551083420089,1.13514538896072,1.83155193947995,1.28987823710614,2.03946972892182,"Log10(Years) - Imputed","Log10(g) - Imputed","Aratinga_finschi","Psittacidae"
"234",1.32228747822049,2.15866341133465,0.934343138618929,1.63837372772921,1.71023181782206,2.6789530949401,"Log10(Years) - Imputed","Log10(g) - Imputed","Aratinga_weddellii","Psittacidae"
"235",1.32228747822049,2.15866341133465,0.934343138618929,1.63837372772921,1.71023181782206,2.6789530949401,"Log10(Years) - Imputed","Log10(g) - Imputed","Aratinga_euops","Psittacidae"
"236",1.49136169383427,2.40823996531185,1.49136169383427,2.40823996531185,1.49136169383427,2.40823996531185,"Log10(Years)","Log10(g)","Primolius_maracana","Psittacidae"
"237",1.48805504714788,2.41803634280087,1.34958072532068,2.23196423369086,1.62652936897508,2.60410845191088,"Log10(Years) - Imputed","Log10(g) - Imputed","Primolius_auricollis","Psittacidae"
"238",1.47592256307505,2.45398042910016,1.19325062237369,2.07419054515838,1.75859450377641,2.83377031304195,"Log10(Years) - Imputed","Log10(g) - Imputed","Primolius_couloni","Psittacidae"
"239",1.46643803276609,2.67229145897519,1.08284264275933,2.15701291124831,1.85003342277285,3.18757000670208,"Log10(Years) - Imputed","Log10(g) - Imputed","Orthopsittaca_manilata","Psittacidae"
"240",1.46239799789896,3.11394335230684,1.46239799789896,3.11394335230684,1.46239799789896,3.11394335230684,"Log10(Years)","Log10(g)","Ara_ambiguus","Psittacidae"
"241",1.66275783168157,3.05461305455689,1.66275783168157,3.05461305455689,1.66275783168157,3.05461305455689,"Log10(Years)","Log10(g)","Ara_militaris","Psittacidae"
"242",1.45484486000851,2.53529412004277,1.45484486000851,2.53529412004277,1.45484486000851,2.53529412004277,"Log10(Years)","Log10(g)","Ara_severus","Psittacidae"
"243",1.34242268082221,2.89872518158949,1.34242268082221,2.89872518158949,1.34242268082221,2.89872518158949,"Log10(Years)","Log10(g)","Ara_glaucogularis","Psittacidae"
"244",1.63346845557959,3.07682242334277,1.63346845557959,3.07682242334277,1.63346845557959,3.07682242334277,"Log10(Years)","Log10(g)","Ara_ararauna","Psittacidae"
"245",1.36172783601759,2.68010878697668,1.36172783601759,2.68010878697668,1.36172783601759,2.68010878697668,"Log10(Years)","Log10(g)","Ara_rubrogenys","Psittacidae"
"246",1.51851393987789,3.04921802267018,1.51851393987789,3.04921802267018,1.51851393987789,3.04921802267018,"Log10(Years)","Log10(g)","Ara_macao","Psittacidae"
"247",1.69983772586725,3.08635983067475,1.69983772586725,3.08635983067475,1.69983772586725,3.08635983067475,"Log10(Years)","Log10(g)","Ara_chloropterus","Psittacidae"
"248",1.43136376415899,2.44715803134222,1.43136376415899,2.44715803134222,1.43136376415899,2.44715803134222,"Log10(Years)","Log10(g)","Cyanopsitta_spixii","Psittacidae"
"249",1.43232001352528,2.464893664696,1.18123175424652,2.12753134676138,1.68340827280404,2.80225598263062,"Log10(Years) - Imputed","Log10(g) - Imputed","Ognorhynchus_icterotis","Psittacidae"
"250",1.29003461136252,2.44404479591808,1.29003461136252,2.44404479591808,1.29003461136252,2.44404479591808,"Log10(Years)","Log10(g)","Cyanoliseus_patagonus","Psittacidae"
"251",1.3384564936046,2.39093510710338,1.3384564936046,2.39093510710338,1.3384564936046,2.39093510710338,"Log10(Years)","Log10(g)","Deroptyus_accipitrinus","Psittacidae"
"252",1.41497334797082,2.19033169817029,1.41497334797082,2.19033169817029,1.41497334797082,2.19033169817029,"Log10(Years)","Log10(g)","Pionites_leucogaster","Psittacidae"
"253",1.3541084391474,2.17318626841227,1.3541084391474,2.17318626841227,1.3541084391474,2.17318626841227,"Log10(Years)","Log10(g)","Pionites_melanocephalus","Psittacidae"
"254",0.929418925714293,1.47712125471966,0.929418925714293,1.47712125471966,0.929418925714293,1.47712125471966,"Log10(Years)","Log10(g)","Psilopsiagon_aymara","Psittacidae"
"255",0.998705837415806,1.61853734889582,0.605402078141202,1.09003049001561,1.39200959669041,2.14704420777604,"Log10(Years) - Imputed","Log10(g) - Imputed","Psilopsiagon_aurifrons","Psittacidae"
"256",1.07554696139253,1.95424250943932,1.07554696139253,1.95424250943932,1.07554696139253,1.95424250943932,"Log10(Years)","Log10(g)","Triclaria_malachitacea","Psittacidae"
"257",1.28354760679473,2.40094835331237,0.967458102235535,1.97624536730158,1.59963711135393,2.82565133932315,"Log10(Years) - Imputed","Log10(g) - Imputed","Pionus_chalcopterus","Psittacidae"
"258",1.28354760679473,2.40094835331237,0.967458102235535,1.97624536730158,1.59963711135393,2.82565133932315,"Log10(Years) - Imputed","Log10(g) - Imputed","Pionus_senilis","Psittacidae"
"259",1.31386722036915,2.39967372148104,1.31386722036915,2.39967372148104,1.31386722036915,2.39967372148104,"Log10(Years)","Log10(g)","Pionus_menstruus","Psittacidae"
"260",1.27950800975373,2.40111817734266,0.948738307441914,1.95669928994343,1.61027771206554,2.84553706474189,"Log10(Years) - Imputed","Log10(g) - Imputed","Pionus_tumultuosus","Psittacidae"
"261",1.2562237120092,2.41479252054643,0.918312584591602,1.9607835414936,1.59413483942679,2.86880149959927,"Log10(Years) - Imputed","Log10(g) - Imputed","Pionus_fuscus","Psittacidae"
"262",1.23274334959763,2.44097056194821,0.975906456484372,2.09586263049787,1.48958024271088,2.78607849339855,"Log10(Years) - Imputed","Log10(g) - Imputed","Pionus_sordidus","Psittacidae"
"263",1.20951501454263,2.46686762035411,1.20951501454263,2.46686762035411,1.20951501454263,2.46686762035411,"Log10(Years)","Log10(g)","Pionus_maximiliani","Psittacidae"
"264",1.48542474714023,2.79448804665917,1.12133754531071,2.79448804665917,1.84951194896975,2.79448804665917,"Log10(Years) - Imputed","Log10(g)","Amazona_farinosa","Psittacidae"
"265",1.43136376415899,2.61909333062674,1.43136376415899,2.61909333062674,1.43136376415899,2.61909333062674,"Log10(Years)","Log10(g)","Amazona_autumnalis","Psittacidae"
"266",1.53632158979073,2.61553867214583,1.31613358349553,2.28082677407706,1.75650959608592,2.9502505702146,"Log10(Years) - Imputed","Log10(g) - Imputed","Amazona_dufresniana","Psittacidae"
"267",1.64345267648619,2.64967672665333,1.64345267648619,2.32229012447312,1.64345267648619,2.97706332883355,"Log10(Years)","Log10(g) - Imputed","Amazona_rhodocorytha","Psittacidae"
"268",1.44140903104957,2.4996870826184,1.19837294903975,2.4996870826184,1.68444511305938,2.4996870826184,"Log10(Years) - Imputed","Log10(g)","Amazona_viridigenalis","Psittacidae"
"269",1.41161970596323,2.48000694295715,1.41161970596323,2.48000694295715,1.41161970596323,2.48000694295715,"Log10(Years)","Log10(g)","Amazona_finschi","Psittacidae"
"270",1.47712125471966,2.56820172406699,1.47712125471966,2.56820172406699,1.47712125471966,2.56820172406699,"Log10(Years)","Log10(g)","Amazona_amazonica","Psittacidae"
"271",1.47008617396414,2.57086397593647,1.16430447898388,2.16091462782926,1.7758678689444,2.98081332404368,"Log10(Years) - Imputed","Log10(g) - Imputed","Amazona_vinacea","Psittacidae"
"272",1.47008617396414,2.57086397593647,1.16430447898388,2.16091462782926,1.7758678689444,2.98081332404368,"Log10(Years) - Imputed","Log10(g) - Imputed","Amazona_mercenaria","Psittacidae"
"273",1.47008617396414,2.57086397593647,1.16430447901096,2.16091462786573,1.77586786891732,2.98081332400721,"Log10(Years) - Imputed","Log10(g) - Imputed","Amazona_kawalli","Psittacidae"
"274",1.45359999878936,2.64149239951941,1.12266179561626,2.19929133844761,1.78453820196246,3.0836934605912,"Log10(Years) - Imputed","Log10(g) - Imputed","Amazona_imperialis","Psittacidae"
"275",1.44843045312419,2.77690285527904,1.27760131967734,2.54753692254476,1.61925958657104,3.00626878801333,"Log10(Years) - Imputed","Log10(g) - Imputed","Amazona_brasiliensis","Psittacidae"
"276",1.44715803134222,2.81023251799508,1.44715803134222,2.81023251799508,1.44715803134222,2.81023251799508,"Log10(Years)","Log10(g)","Amazona_guildingii","Psittacidae"
"277",1.54851203825908,2.43136376415899,1.25623665546177,2.43136376415899,1.84078742105639,2.43136376415899,"Log10(Years) - Imputed","Log10(g)","Amazona_barbadensis","Psittacidae"
"278",1.64463486796534,2.70588833428241,1.39123762655359,2.40935465885034,1.8980321093771,3.00242200971449,"Log10(Years) - Imputed","Log10(g) - Imputed","Amazona_arausiaca","Psittacidae"
"279",1.66652765085843,2.82994669594164,1.41852611134199,2.82994669594164,1.91452919037487,2.82994669594164,"Log10(Years) - Imputed","Log10(g)","Amazona_versicolor","Psittacidae"
"280",1.73421656546904,2.71349054309394,1.63175035687431,2.71349054309394,1.83668277406378,2.71349054309394,"Log10(Years) - Imputed","Log10(g)","Amazona_oratrix","Psittacidae"
"281",1.7481880270062,2.65944078187032,1.7481880270062,2.65944078187032,1.7481880270062,2.65944078187032,"Log10(Years)","Log10(g)","Amazona_ochrocephala","Psittacidae"
"282",1.69019608002851,2.66914402882939,1.69019608002851,2.49383554160624,1.69019608002851,2.84445251605253,"Log10(Years)","Log10(g) - Imputed","Amazona_auropalliata","Psittacidae"
"283",1.69019608002851,2.63648789635337,1.69019608002851,2.63648789635337,1.69019608002851,2.63648789635337,"Log10(Years)","Log10(g)","Amazona_aestiva","Psittacidae"
"284",1.48833350781201,2.56937687881102,1.14261941264827,2.11233649239758,1.83404760297575,3.02641726522446,"Log10(Years) - Imputed","Log10(g) - Imputed","Amazona_pretrei","Psittacidae"
"285",1.48833350781201,2.56937687881102,1.14261941264827,2.11233649239758,1.83404760297575,3.02641726522446,"Log10(Years) - Imputed","Log10(g) - Imputed","Amazona_xantholora","Psittacidae"
"286",1.48833350781201,2.56937687881102,1.14261941266024,2.11233649241394,1.83404760296378,3.02641726520811,"Log10(Years) - Imputed","Log10(g) - Imputed","Amazona_tucumana","Psittacidae"
"287",1.38916608436453,2.63346845557959,1.38916608436453,2.63346845557959,1.38916608436453,2.63346845557959,"Log10(Years)","Log10(g)","Amazona_festiva","Psittacidae"
"288",1.43098006072019,2.43768586043647,1.13248560756269,2.09381677357168,1.72947451387769,2.78155494730125,"Log10(Years) - Imputed","Log10(g) - Imputed","Amazona_collaria","Psittacidae"
"289",1.42898131584583,2.42635970716949,1.13269549965441,2.15060850201703,1.72526713203726,2.70211091232196,"Log10(Years) - Imputed","Log10(g) - Imputed","Amazona_vittata","Psittacidae"
"290",1.42638012361714,2.41161970596323,1.13411607258439,2.41161970596323,1.71864417464988,2.41161970596323,"Log10(Years) - Imputed","Log10(g)","Amazona_leucocephala","Psittacidae"
"291",1.4313023247496,2.43951201235629,1.13252205857193,2.08775706709024,1.73008259092728,2.79126695762235,"Log10(Years) - Imputed","Log10(g) - Imputed","Amazona_ventralis","Psittacidae"
"292",1.40312052117582,2.33243845991561,1.40312052117582,2.33243845991561,1.40312052117582,2.33243845991561,"Log10(Years)","Log10(g)","Amazona_albifrons","Psittacidae"
"293",1.44187992047449,2.48601333175941,1.11902990324419,2.06643111981627,1.76472993770479,2.90559554370254,"Log10(Years) - Imputed","Log10(g) - Imputed","Amazona_agilis","Psittacidae"
"294",1.12057393120585,2.20139712432045,1.12057393120585,2.20139712432045,1.12057393120585,2.20139712432045,"Log10(Years)","Log10(g)","Graydidascalus_brachyurus","Psittacidae"
"295",1.23799348187408,2.19606723925347,0.683275523361613,1.45096913489408,1.79271144038654,2.94116534361286,"Log10(Years) - Imputed","Log10(g) - Imputed","Hapalopsittaca_pyrrhops","Psittacidae"
"296",1.23799348187408,2.19606723925347,0.683275523375045,1.45096913491214,1.79271144037311,2.9411653435948,"Log10(Years) - Imputed","Log10(g) - Imputed","Hapalopsittaca_amazonina","Psittacidae"
"297",1.23799348187408,2.19606723925347,0.683275523375045,1.45096913491214,1.79271144037311,2.9411653435948,"Log10(Years) - Imputed","Log10(g) - Imputed","Hapalopsittaca_fuertesi","Psittacidae"
"298",1.23799348187408,2.19606723925347,0.683275523360121,1.45096913489208,1.79271144038804,2.94116534361486,"Log10(Years) - Imputed","Log10(g) - Imputed","Hapalopsittaca_melanotis","Psittacidae"
"299",1.22530928172586,2.07554696139253,1.22530928172586,2.07554696139253,1.22530928172586,2.07554696139253,"Log10(Years)","Log10(g)","Pionopsitta_pileata","Psittacidae"
"300",1.34439227368511,1.91222205653242,1.34439227368511,1.91222205653242,1.34439227368511,1.91222205653242,"Log10(Years)","Log10(g)","Myiopsitta_monachus","Psittacidae"
"301",1.12057393120585,1.77085201164214,1.12057393120585,1.77085201164214,1.12057393120585,1.77085201164214,"Log10(Years)","Log10(g)","Brotogeris_sanctithomae","Psittacidae"
"302",1.27875360095283,1.78958071216443,1.27875360095283,1.78958071216443,1.27875360095283,1.78958071216443,"Log10(Years)","Log10(g)","Brotogeris_chiriri","Psittacidae"
"303",1.01283722470517,1.85491302230786,1.01283722470517,1.85491302230786,1.01283722470517,1.85491302230786,"Log10(Years)","Log10(g)","Brotogeris_versicolurus","Psittacidae"
"304",1.04139268515823,1.79934054945358,1.04139268515823,1.79934054945358,1.04139268515823,1.79934054945358,"Log10(Years)","Log10(g)","Brotogeris_tirica","Psittacidae"
"305",1.05307844348342,1.80617997398389,1.05307844348342,1.80617997398389,1.05307844348342,1.80617997398389,"Log10(Years)","Log10(g)","Brotogeris_pyrrhoptera","Psittacidae"
"306",1.07084354626686,1.81289996965507,0.826452671353054,1.48449527566373,1.31523442118067,2.14130466364641,"Log10(Years) - Imputed","Log10(g) - Imputed","Brotogeris_jugularis","Psittacidae"
"307",1.08870456603652,1.81965624779193,0.764203326962133,1.38360152688169,1.4132058051109,2.25571096870218,"Log10(Years) - Imputed","Log10(g) - Imputed","Brotogeris_cyanoptera","Psittacidae"
"308",1.08870456603652,1.81965624779193,0.764203326962133,1.38360152688169,1.4132058051109,2.25571096870218,"Log10(Years) - Imputed","Log10(g) - Imputed","Brotogeris_chrysoptera","Psittacidae"
"309",1.07799303026666,1.80348887438327,0.543813493489231,1.08565863102808,1.61217256704409,2.52131911773845,"Log10(Years) - Imputed","Log10(g) - Imputed","Nannopsittaca_dachilleae","Psittacidae"
"310",1.07799303026666,1.80348887438327,0.543813493489231,1.08565863102808,1.61217256704409,2.52131911773845,"Log10(Years) - Imputed","Log10(g) - Imputed","Nannopsittaca_panychlora","Psittacidae"
"311",0.963787827345555,1.63447727016073,0.963787827345555,1.63447727016073,0.963787827345555,1.63447727016073,"Log10(Years)","Log10(g)","Bolborhynchus_orbygnesius","Psittacidae"
"312",0.964489601700153,1.63551582187676,0.91798996309703,1.57303110687447,1.01098924030328,1.69800053687904,"Log10(Years) - Imputed","Log10(g) - Imputed","Bolborhynchus_lineola","Psittacidae"
"313",0.972831546162814,1.64786101614032,0.807069199209083,1.42511460025379,1.13859389311654,1.87060743202685,"Log10(Years) - Imputed","Log10(g) - Imputed","Bolborhynchus_ferrugineifrons","Psittacidae"
"314",1.15825680470465,1.92227075937401,0.521244875263526,1.06623321379004,1.79526873414577,2.77830830495798,"Log10(Years) - Imputed","Log10(g) - Imputed","Touit_costaricensis","Psittacidae"
"315",1.15825680470465,1.92227075937401,0.52124487521154,1.06623321372019,1.79526873419776,2.77830830502783,"Log10(Years) - Imputed","Log10(g) - Imputed","Touit_dilectissimus","Psittacidae"
"316",1.15825680470465,1.92227075937401,0.52124487521154,1.06623321372019,1.79526873419776,2.77830830502783,"Log10(Years) - Imputed","Log10(g) - Imputed","Touit_purpuratus","Psittacidae"
"317",1.15825680470465,1.92227075937401,0.521244875211539,1.06623321372019,1.79526873419776,2.77830830502783,"Log10(Years) - Imputed","Log10(g) - Imputed","Touit_huetii","Psittacidae"
"318",1.15825680470465,1.92227075937401,0.521244875211539,1.06623321372019,1.79526873419776,2.77830830502783,"Log10(Years) - Imputed","Log10(g) - Imputed","Touit_surdus","Psittacidae"
"319",1.15825680470465,1.92227075937401,0.521244875206341,1.0662332137132,1.79526873420296,2.77830830503482,"Log10(Years) - Imputed","Log10(g) - Imputed","Touit_stictopterus","Psittacidae"
"320",1.15825680470465,1.92227075937401,0.521244875206341,1.0662332137132,1.79526873420296,2.77830830503482,"Log10(Years) - Imputed","Log10(g) - Imputed","Touit_batavicus","Psittacidae"
"321",1.15825680470465,1.92227075937401,0.521244875172549,1.06623321366779,1.79526873423675,2.77830830508023,"Log10(Years) - Imputed","Log10(g) - Imputed","Touit_melanonotus","Psittacidae"
"322",1.47275644931721,2.53655844257153,1.47275644931721,2.53655844257153,1.47275644931721,2.53655844257153,"Log10(Years)","Log10(g)","Poicephalus_robustus","Psittacidae"
"323",1.53402610605614,2.07003786660776,1.53402610605614,2.07003786660776,1.53402610605614,2.07003786660776,"Log10(Years)","Log10(g)","Poicephalus_meyeri","Psittacidae"
"324",1.50650503240487,2.14612803567824,1.50650503240487,2.14612803567824,1.50650503240487,2.14612803567824,"Log10(Years)","Log10(g)","Poicephalus_cryptoxanthus","Psittacidae"
"325",1.52374646681156,2.07918124604762,1.52374646681156,2.07918124604762,1.52374646681156,2.07918124604762,"Log10(Years)","Log10(g)","Poicephalus_rufiventris","Psittacidae"
"326",1.51782388723633,2.11931877521625,1.35578064718606,1.90157031911081,1.67986712728659,2.33706723132169,"Log10(Years) - Imputed","Log10(g) - Imputed","Poicephalus_crassus","Psittacidae"
"327",1.60205999132796,2.13830269816628,1.60205999132796,2.13830269816628,1.60205999132796,2.13830269816628,"Log10(Years)","Log10(g)","Poicephalus_senegalus","Psittacidae"
"328",1.57862387319091,2.14739829257691,1.35614807366928,1.84844251827944,1.80109967271254,2.44635406687438,"Log10(Years) - Imputed","Log10(g) - Imputed","Poicephalus_flavifrons","Psittacidae"
"329",1.32221929473392,2.43933269383026,1.32221929473392,2.43933269383026,1.32221929473392,2.43933269383026,"Log10(Years)","Log10(g)","Poicephalus_gulielmi","Psittacidae"
"330",1.53529412004277,2.06445798922692,1.53529412004277,2.06445798922692,1.53529412004277,2.06445798922692,"Log10(Years)","Log10(g)","Poicephalus_rueppellii","Psittacidae"
"331",1.69635638873333,2.56820172406699,1.69635638873333,2.56820172406699,1.69635638873333,2.56820172406699,"Log10(Years)","Log10(g)","Psittacus_erithacus","Psittacidae"
